keyword,search_volume,cpc,competition,competition_level,keyword_difficulty,seed
skip hire,60500,2.98,0.55,MEDIUM,24,skip hire
hire a skip,60500,2.98,0.55,MEDIUM,22,skip hire
hire of skip,60500,2.98,0.55,MEDIUM,24,skip hire
skip hire skip hire,60500,2.98,0.55,MEDIUM,24,skip hire
skip for hire,60500,2.98,0.55,MEDIUM,24,skip hire
hire of a skip,60500,2.98,0.55,MEDIUM,24,skip hire
skip to hire,60500,2.98,0.55,MEDIUM,24,skip hire
skip it hire,60500,2.98,0.55,MEDIUM,27,skip hire
hire skip,60500,2.98,0.55,MEDIUM,24,skip hire
prices skip hire,8100,2.14,0.5,MEDIUM,0,skip hire
cost skip hire,8100,2.14,0.5,MEDIUM,0,skip hire
hire a skip price,8100,2.14,0.5,MEDIUM,0,skip hire
skip hire cost,8100,2.14,0.5,MEDIUM,0,skip hire
cost of skip hire,8100,2.14,0.5,MEDIUM,0,skip hire
skip hire pricing,8100,2.14,0.5,MEDIUM,0,skip hire
skip hire charges,8100,2.14,0.5,MEDIUM,0,skip hire
skip hire with prices,8100,2.14,0.5,MEDIUM,0,skip hire
cost for skip hire,8100,2.14,0.5,MEDIUM,0,skip hire
price for skip hire,8100,2.14,0.5,MEDIUM,0,skip hire
skip hire prices,8100,2.14,0.5,MEDIUM,0,skip hire
cost of a skip hire,8100,2.14,0.5,MEDIUM,0,skip hire
hire skip prices,8100,2.14,0.5,MEDIUM,0,skip hire
prices of skip hire,8100,2.14,0.5,MEDIUM,0,skip hire
skip hire costs,8100,2.14,0.5,MEDIUM,0,skip hire
hire a skip cost,8100,2.14,0.5,MEDIUM,0,skip hire
price skip hire,8100,2.14,0.5,MEDIUM,0,skip hire
skip for hire prices,8100,2.14,0.5,MEDIUM,0,skip hire
hire a skip prices,8100,2.14,0.5,MEDIUM,0,skip hire
skip hire charge,8100,2.14,0.5,MEDIUM,0,skip hire
prices for skip hire,8100,2.14,0.5,MEDIUM,0,skip hire
skip hire price,8100,2.14,0.5,MEDIUM,0,skip hire
skip hire and prices,8100,2.14,0.5,MEDIUM,4,skip hire
price of skip hire,8100,2.14,0.5,MEDIUM,0,skip hire
mick george skip hire,6600,1.19,0.58,MEDIUM,0,skip hire
skip hire mick george,6600,1.19,0.58,MEDIUM,0,skip hire
skip hire costs near me,5400,2.38,0.64,MEDIUM,3,skip hire
cost of skip hire near me,5400,2.38,0.64,MEDIUM,3,skip hire
skip hire price near me,5400,2.38,0.64,MEDIUM,4,skip hire
skip hire cost near me,5400,2.38,0.64,MEDIUM,3,skip hire
skip hire prices near me,5400,2.38,0.64,MEDIUM,3,skip hire
skip hire near me prices,5400,2.38,0.64,MEDIUM,0,skip hire
skip hire near me price,5400,2.38,0.64,MEDIUM,3,skip hire
skip for hire near me prices,5400,2.38,0.64,MEDIUM,4,skip hire
how much to hire a skip,4400,1.56,0.54,MEDIUM,0,skip hire
how much skip hire,4400,1.56,0.54,MEDIUM,0,skip hire
how much to hire skip,4400,1.56,0.54,MEDIUM,0,skip hire
how much is to hire a skip,4400,1.56,0.54,MEDIUM,0,skip hire
how.much is skip hire,4400,1.56,0.54,MEDIUM,0,skip hire
how much is it to hire a skip,4400,1.56,0.54,MEDIUM,0,skip hire
how much hire skip,4400,1.56,0.54,MEDIUM,0,skip hire
how much is skip hire,4400,1.56,0.54,MEDIUM,0,skip hire
how much is a skip hire,4400,1.56,0.54,MEDIUM,0,skip hire
how much are skip hire,4400,1.56,0.54,MEDIUM,0,skip hire
how much for a skip hire,4400,1.56,0.54,MEDIUM,0,skip hire
how much for skip hire,4400,1.56,0.54,MEDIUM,0,skip hire
quick skip hire,3600,2.78,0.2,LOW,22,skip hire
quick skip hire ltd,3600,2.78,0.2,LOW,0,skip hire
mini skip for hire,2900,2.05,0.65,MEDIUM,0,skip hire
skip hire manchester uk,2900,3.25,0.66,MEDIUM,14,skip hire
skip hire dunmow,2900,3.23,0.39,MEDIUM,0,skip hire
skip hire manchester,2900,3.25,0.66,MEDIUM,30,skip hire
hire mini skip,2900,2.05,0.65,MEDIUM,0,skip hire
mini skip hire,2900,2.05,0.65,MEDIUM,0,skip hire
jones skip hire wolverhampton,2900,3.93,0.22,LOW,0,skip hire
dunmow skip hire,2900,3.23,0.39,MEDIUM,8,skip hire
hire a mini skip,2900,2.05,0.65,MEDIUM,0,skip hire
skip hire stevenage,2400,2.82,0.5,MEDIUM,0,skip hire
blackpool skip hire,2400,1.96,0.55,MEDIUM,4,skip hire
skip hire blackpool,2400,1.96,0.55,MEDIUM,0,skip hire
skip hire in caerphilly,2400,3.67,0.59,MEDIUM,0,skip hire
skip hire in blackpool,2400,1.96,0.55,MEDIUM,0,skip hire
stevenage skip hire,2400,2.82,0.5,MEDIUM,0,skip hire
stevenage skip hire graveley,2400,2.82,0.5,MEDIUM,0,skip hire
hire a skip stevenage,2400,2.82,0.5,MEDIUM,0,skip hire
caerphilly skip hire,2400,3.67,0.59,MEDIUM,0,skip hire
blackpole recycling skip hire,2400,4.94,0.03,LOW,0,skip hire
skip hire caerphilly,2400,3.67,0.59,MEDIUM,0,skip hire
skip hire in stevenage,2400,2.82,0.5,MEDIUM,0,skip hire
skip hire in redditch,1900,2.99,0.42,MEDIUM,0,skip hire
lostock skip hire bolton,1900,1.58,0.38,MEDIUM,0,skip hire
glynn's skip hire,1900,2.54,0.06,LOW,0,skip hire
skip hire weybridge surrey,1900,3.25,0.46,MEDIUM,5,skip hire
skip hire burton,1900,2.62,0.65,MEDIUM,2,skip hire
skip hire burton upon trent,1900,2.62,0.65,MEDIUM,0,skip hire
thorncliffe skip hire,1900,0.55,0.28,LOW,0,skip hire
weybridge skip hire walton,1900,3.25,0.46,MEDIUM,5,skip hire
burton skip hire,1900,2.62,0.65,MEDIUM,0,skip hire
hire a skip hull,1900,2.71,0.54,MEDIUM,2,skip hire
hull skip hire,1900,2.71,0.54,MEDIUM,2,skip hire
skip hire in burton,1900,2.62,0.65,MEDIUM,4,skip hire
hire a skip belfast,1900,3.21,0.5,MEDIUM,0,skip hire
skip hire burton on trent,1900,2.62,0.65,MEDIUM,2,skip hire
glynns skip hire,1900,2.54,0.06,LOW,0,skip hire
weybridge skip hire,1900,3.25,0.46,MEDIUM,3,skip hire
cheadle skip hire,1900,5.48,0.31,LOW,0,skip hire
mckinstry skip hire,1900,4.07,0.04,LOW,0,skip hire
how much is a skip to hire,1900,1.52,0.56,MEDIUM,0,skip hire
budget skip hire,1900,2.51,0.33,LOW,24,skip hire
burton on trent skip hire,1900,2.62,0.65,MEDIUM,4,skip hire
skip hire cheadle,1900,5.48,0.31,LOW,0,skip hire
mckinstry skip hire ltd,1900,4.07,0.04,LOW,0,skip hire
skip hire in weybridge,1900,3.25,0.46,MEDIUM,3,skip hire
skip hire in hull,1900,2.71,0.54,MEDIUM,2,skip hire
skip hire redditch,1900,2.99,0.42,MEDIUM,0,skip hire
cheadle skip hire stockport,1900,5.48,0.31,LOW,0,skip hire
glynn skip hire,1900,2.54,0.06,LOW,0,skip hire
weybridge skip hire walton on thames,1900,3.25,0.46,MEDIUM,0,skip hire
skip hire in burton on trent,1900,2.62,0.65,MEDIUM,4,skip hire
weybridge skip hire walton-on-thames,1900,3.25,0.46,MEDIUM,0,skip hire
skip hire belfast,1900,3.21,0.5,MEDIUM,0,skip hire
belfast skip hire,1900,3.21,0.5,MEDIUM,0,skip hire
lostock skip hire,1900,1.58,0.38,MEDIUM,0,skip hire
uk skip hire redditch,1900,2.99,0.42,MEDIUM,0,skip hire
redditch skip hire,1900,2.99,0.42,MEDIUM,0,skip hire
skip hire weybridge,1900,3.25,0.46,MEDIUM,0,skip hire
skip hire hull,1900,2.71,0.54,MEDIUM,2,skip hire
lostock skip hire horwich,1900,1.58,0.38,MEDIUM,0,skip hire
collins skip hire,1900,2.79,0.11,LOW,0,skip hire
skip hire bourne lincolnshire,1600,1.79,0.49,MEDIUM,0,skip hire
bourne skip hire,1600,1.79,0.49,MEDIUM,0,skip hire
bill and ben skip hire,1600,3.64,0.26,LOW,0,skip hire
skip hire midlothian,1600,1.68,0.31,LOW,0,skip hire
skip hire bourne lincs,1600,1.79,0.49,MEDIUM,0,skip hire
midlothian skip hire loanhead,1600,1.68,0.31,LOW,0,skip hire
midlothian skip hire,1600,1.68,0.31,LOW,16,skip hire
skip hire lincoln uk,1600,1.35,0.61,MEDIUM,0,skip hire
midlothian skip hire ltd,1600,1.68,0.31,LOW,16,skip hire
skip hire lincoln,1600,1.35,0.61,MEDIUM,0,skip hire
fowles skip hire,1600,6.41,0.08,LOW,0,skip hire
enterprise skip hire,1600,1.22,0.31,LOW,0,skip hire
skip hire in bourne,1600,1.79,0.49,MEDIUM,0,skip hire
skip hire bourne,1600,1.79,0.49,MEDIUM,0,skip hire
lincoln skip hire,1600,1.35,0.61,MEDIUM,0,skip hire
gwynedd skip hire,1300,1.91,0.27,LOW,0,skip hire
baileys skip hire,1300,3.0,0.12,LOW,0,skip hire
